firstName,lastName,gender,joinDate,email,phone,address
"Evan","Thompson","Male","2024-05-22","evan.thompson@test.org","555-3221","716 Elm St, Gotham"
"Fiona","Taylor","Other","2024-12-19","fiona.taylor@mail.com","555-4479","588 Elm St, Gotham"
"Sam","White","Other","2024-07-16","sam.white@mail.com","555-8012","652 Maple St, Metropolis"
"Alice","Thompson","Female","2024-04-09","alice.thompson@mail.com","555-6010","136 Maple St, Springfield"
"Mike","Davis","Female","2024-11-14","mike.davis@mail.com","555-7450","861 Pine Rd, Star City"
"Ulysses","Robinson","Female","2024-09-17","ulysses.robinson@test.org","555-2321","223 Lake Rd, Gotham"
"Ian","Taylor","Other","2024-02-11","ian.taylor@test.org","555-3466","970 Cedar Ln, Metropolis"
"Zara","Wilson","Male","2024-08-27","zara.wilson@test.org","555-5108","396 Washington Blvd, Metropolis"
"Bob","Johnson","Female","2024-06-08","bob.johnson@test.org","555-7502","521 Oak Ave, Star City"
"Will","Jones","Other","2024-07-08","will.jones@test.org","555-1344","234 Pine Rd, Central City"
"Hannah","Moore","Other","2024-06-17","hannah.moore@mail.com","555-4363","477 Elm St, Springfield"
"Charlie","Johnson","Male","2024-12-06","charlie.johnson@example.com","555-1014","197 Pine Rd, Star City"
"Kevin","Taylor","Female","2024-04-18","kevin.taylor@test.org","555-2293","664 Pine Rd, Star City"
"Julia","Davis","Male","2024-11-05","julia.davis@example.com","555-6798","741 Maple St, Metropolis"
"Rachel","Jones","Female","2024-07-20","rachel.jones@test.org","555-3904","293 Washington Blvd, Gotham"
"Diana","Smith","Female","2024-10-07","diana.smith@mail.com","555-9174","494 Elm St, Central City"
"Hannah","Thomas","Female","2024-03-14","hannah.thomas@mail.com","555-8008","7 Pine Rd, Metropolis"
"Alice","Jackson","Other","2024-02-07","alice.jackson@mail.com","555-4526","943 Maple St, Metropolis"
"Bob","Davis","Female","2024-06-14","bob.davis@test.org","555-3157","870 Lake Rd, Metropolis"
"Rachel","Thompson","Male","2024-04-22","rachel.thompson@example.com","555-1591","169 Pine Rd, Springfield"
"Quinn","Johnson","Male","2024-05-15","quinn.johnson@mail.com","555-9492","542 Pine Rd, Gotham"
"Nina","Harris","Other","2024-01-03","nina.harris@test.org","555-5392","604 Pine Rd, Metropolis"
"Ulysses","Williams","Male","2024-12-13","ulysses.williams@mail.com","555-6323","405 Cedar Ln, Metropolis"
"Diana","Jones","Male","2024-02-23","diana.jones@test.org","555-6033","485 Maple St, Central City"
"Alice","Martin","Male","2024-11-24","alice.martin@test.org","555-9889","861 Elm St, Gotham"
"George","Robinson","Male","2024-10-09","george.robinson@example.com","555-8652","160 Washington Blvd, Gotham"
"Ian","Thomas","Other","2024-04-18","ian.thomas@test.org","555-4100","585 Pine Rd, Metropolis"
"Tina","Wilson","Male","2024-08-11","tina.wilson@mail.com","555-9478","376 Elm St, Star City"
"Oscar","White","Male","2024-09-16","oscar.white@example.com","555-9299","326 Pine Rd, Star City"
"Xena","Martinez","Male","2024-10-16","xena.martinez@test.org","555-7426","938 Oak Ave, Springfield"
"George","Davis","Male","2024-09-28","george.davis@example.com","555-1698","449 Elm St, Star City"
"Kevin","Taylor","Female","2024-01-13","kevin.taylor@example.com","555-2926","166 Lake Rd, Springfield"
"Hannah","Jones","Male","2024-11-07","hannah.jones@mail.com","555-6280","66 Maple St, Gotham"
"Nina","Martin","Female","2024-10-27","nina.martin@example.com","555-8742","602 Maple St, Metropolis"
"George","Thomas","Male","2024-11-09","george.thomas@example.com","555-7375","469 Maple St, Star City"
"Alice","Moore","Male","2024-01-26","alice.moore@test.org","555-8990","659 Pine Rd, Metropolis"
"Xena","Wilson","Female","2024-12-28","xena.wilson@mail.com","555-7151","362 Maple St, Gotham"
"Will","Moore","Female","2024-05-08","will.moore@test.org","555-3976","922 Lake Rd, Springfield"
"Mike","Johnson","Male","2024-07-19","mike.johnson@test.org","555-2788","759 Pine Rd, Gotham"
"Mike","Miller","Male","2024-06-08","mike.miller@test.org","555-2948","466 Pine Rd, Central City"
"Will","Taylor","Male","2024-04-09","will.taylor@example.com","555-6841","12 Elm St, Metropolis"
"Bob","Williams","Male","2024-02-08","bob.williams@mail.com","555-7561","932 Cedar Ln, Star City"
"Diana","Thompson","Male","2024-06-03","diana.thompson@example.com","555-6035","944 Lake Rd, Metropolis"
"Kevin","Martin","Female","2024-01-20","kevin.martin@test.org","555-3727","133 Lake Rd, Metropolis"
"George","Jackson","Male","2024-07-04","george.jackson@mail.com","555-8540","187 Elm St, Metropolis"
"Tina","Garcia","Male","2024-03-23","tina.garcia@mail.com","555-1636","918 Lake Rd, Gotham"
"Kevin","Garcia","Male","2024-02-25","kevin.garcia@mail.com","555-3441","618 Cedar Ln, Gotham"
"George","Smith","Male","2024-07-27","george.smith@test.org","555-5676","565 Maple St, Central City"
"Yusuf","Taylor","Female","2024-02-02","yusuf.taylor@example.com","555-3750","759 Oak Ave, Central City"
"Kevin","Robinson","Female","2024-12-19","kevin.robinson@mail.com","555-5569","258 Pine Rd, Metropolis"
